Resort_Name,google_search_name,Resort_INS_hashtag,twitter_id
afton-alps,afton-alps skiresort,aftonalps,89812972
points-north-heli-adventures,points-north-heli-adventures skiresort,pointsnorthheliadventures,44360945
alpental,alpental skiresort,alpental,3033687667
alpine-valley-cleveland,alpine-valley-cleveland skiresort,alpinevalley,874270242
alta-sierra-shirley-meadows,alta-sierra-shirley-meadows skiresort,altasierraskiresort,2928931351
alta,alta skiresort,altaskiresort,189981223
andes-tower-hills,andes-tower-hills skiresort,andestowerhills,1566091680
angel-fire,angel-fire skiresort,angelfireskiresort,26343212
antelope-butte,antelope-butte skiresort,antelopebutte,3829977073
appalachian-ski-mountain,appalachian-ski-mountain skiresort,appalachianskimountain,62696631
mt-ashwabay-salmo,mt-ashwabay-salmo skiresort,mtashwabay,2366415847
attitash-mountain-resort,attitash-mountain-resort skiresort,attitashmountainresort,89988075
arizona-snowbowl,arizona-snowbowl skiresort,arizonasnowbowl,15934541
the-balsams,the-balsams skiresort,thebalsams,56417928
beaver-creek,beaver-creek skiresort,skibeavercreek,19746393
bear-mountain-big-bear-lake,bear-mountain-big-bear-lake skiresort,bearmountainbigbear,19045182
big-sky-resort,big-sky-resort skiresort,bigskyresort,30121042
bittersweet,bittersweet skiresort,bittersweetskiresort,53253822
black-mountain-rumford,black-mountain-rumford skiresort,blackmountainrumford,1009593205
black-mountain-jackson,black-mountain-jackson skiresort,blackmountainjackson,74442505
blue-knob,blue-knob skiresort,blueknob,85319382
blue-mountain,blue-mountain skiresort,skibluemountain,29778407
bogus-basin,bogus-basin skiresort,bogusbasin,17271484
bolton-valley,bolton-valley skiresort,boltonvalley,63158113
boyne-highlands,boyne-highlands skiresort,boynehighlands,612685910
breckenridge,breckenridge skiresort,breckenridge,3598625964
bretton-woods,bretton-woods skiresort,brettonwoods,16274690
bridger-bowl-bozeman,bridger-bowl-bozeman skiresort,bridgerbowlskipatrol,19424229
bristol-mountain,bristol-mountain skiresort,bristolmountain,164331175
bromley-mountain,bromley-mountain skiresort,bromleymountain,28603543
brundage-mountain,brundage-mountain skiresort,brundagemountain,23826103
bryce-resort,bryce-resort skiresort,bryceresort,65491354
buck-hill-ski-area,buck-hill-ski-area skiresort,buckhillskiarea,54642047
buffalo-ski-club,buffalo-ski-club skiresort,buffaloskiclub,2398819873
caberfae-peaks,caberfae-peaks skiresort,caberfaepeaks,87767695
camden-snow-bowl,camden-snow-bowl skiresort,camdensnowbowl,374013881
cannon-mountain,cannon-mountain skiresort,cannonmountain,72880286
cannonsburg-ski-area,cannonsburg-ski-area skiresort,cannonsburgskiarea,201849232
cascade-mountain,cascade-mountain skiresort,cascademountain,82121906
catamount,catamount skiresort,catamountski,59192140
chester-bowl-park,chester-bowl-park skiresort,chesterbowlparks,61210195
chestnut-mountain,chestnut-mountain skiresort,chestnutmountainresort,29276931
china-peak,china-peak skiresort,skichinapeak,55384887
christie-mountain,christie-mountain skiresort,christiemountain,460732983
christmas-mountain,christmas-mountain skiresort,christmasmountain,104018186
cloudmont-ski-resort,cloudmont-ski-resort skiresort,cloudmontskiresort,118179576
cochran-ski-area,cochran-ski-area skiresort,cochranskiarea,469044971
coffee-mill-ski-area,coffee-mill-ski-area skiresort,coffeemillskiarea,94274695
cooper-spur,cooper-spur skiresort,cooperspur,330413649
cranmore-mountain-resort,cranmore-mountain-resort skiresort,cranmoremountainresort,43333106
crotched-mountain,crotched-mountain skiresort,crotchedmountain,9208952
crystal-mountain-mi,crystal-mountain-mi skiresort,crystalmountainmi,17597754
crystal-mountain-wa,crystal-mountain-wa skiresort,crystalmountainwa,21913139
deer-valley,deer-valley skiresort,skideervalley,16739202
detroit-mountain,detroit-mountain skiresort,detroitmountain,2546884088
devils-head,devils-head skiresort,devilsheadskiresort,73682793
diamond-peak,diamond-peak skiresort,diamondpeak,19164027
diamond-peaks,diamond-peaks skiresort,diamondpeaks,2223365070
discovery-ski-area,discovery-ski-area skiresort,discoveryskiarea,290331750
dodge-ridge,dodge-ridge skiresort,dodgeridge,26807232
echo-mountain-park-idaho-springs,echo-mountain-park-idaho-springs skiresort,echomountainpark,96054722
elk-mountain,elk-mountain skiresort,elkmountainskiresort,2901072502
fairmont-hot-springs-fairmont,fairmont-hot-springs-fairmont skiresort,fairmonthotspringsfairmont,108410411
gladstone-sports-park,gladstone-sports-park skiresort,gladstonesportspark,2237944482
gore-mountain,gore-mountain skiresort,goremountain,461372353
granby-ranch,granby-ranch skiresort,skigranbyranch,41273601
grand-targhee,grand-targhee skiresort,grandtarghee,20009055
granite-gorge,granite-gorge skiresort,granitegorgeskiarea,84344055
granite-peak-at-rib-mountain-state-park,granite-peak-at-rib-mountain-state-park skiresort,granitepeakatribmountainstatepark,944757110
granlibakken,granlibakken skiresort,granlibakken,23654118
greek-peak,greek-peak skiresort,spartangreekpeak,88966757
gunstock,gunstock skiresort,gunstockskiclub,43549813
h2o-guides,h2o-guides skiresort,h2oguides,21450626
hanson-hills,hanson-hills skiresort,hansonhills,67356795
aspen-highlands,aspen-highlands skiresort,aspenhighlands,46828073
hillberg-ski-area,hillberg-ski-area skiresort,hillbergskiarea,898755204
hogadon-ski-area,hogadon-ski-area skiresort,hogadonskiarea,80691918
holiday-valley,holiday-valley skiresort,holidayvalleyskiresort,27705733
holimont,holimont skiresort,holimont,34595795
hoodoo-ski-area,hoodoo-ski-area skiresort,hoodooskiarea,22205318
hurricane-ridge,hurricane-ridge skiresort,hurricaneridgeskiingrules,3007095110
huff-hills,huff-hills skiresort,huffhills,22947315
hunt-hollow-ski-club,hunt-hollow-ski-club skiresort,hunthollowskiclub,451831093
hidden-valley-pa,hidden-valley-pa skiresort,hiddenvalleypa,557733726
jay-peak,jay-peak skiresort,jaypeakresort,23496474
jackson-hole,jackson-hole skiresort,skijacksonhole,34328135
jiminy-peak,jiminy-peak skiresort,jiminypeakresort,15255087
june-mountain,june-mountain skiresort,junemountain,60724290
kelly-canyon,kelly-canyon skiresort,kellycanyon,204662557
kendall-mountain-silverton,kendall-mountain-silverton skiresort,kendallmountain,18211529
keystone,keystone skiresort,keystoneski,19746268
killington,killington skiresort,killington,31468295
king-pine-purity-spring-resort,king-pine-purity-spring-resort skiresort,kingpine,18197024
kissing-bridge,kissing-bridge skiresort,kissingbridgeskiresort,98461156
labrador-mountain,labrador-mountain skiresort,labradormountainski,1018050696
laurel-mountain,laurel-mountain skiresort,laurelmountainskiresort,4451244195
lost-valley,lost-valley skiresort,lostvalleyskiarea,833085722
lost-trail-powder-mountain,lost-trail-powder-mountain skiresort,losttrailpowdermountain,196693597
loup-loup-ski-bowl,loup-loup-ski-bowl skiresort,louploupskibowl,70702296
loveland,loveland skiresort,louploupskibowl,27430245
mad-river-glen,mad-river-glen skiresort,madriverglenskiitifyoucan,48212062
mammoth-mountain,mammoth-mountain skiresort,mammothmountain,18222861
maple-ski-ridge,maple-ski-ridge skiresort,mapleskiridge,27013582
marquette-mountain,marquette-mountain skiresort,marquettemountain,87754517
middlebury-college-snow-bowl,middlebury-college-snow-bowl skiresort,middleburycollegesnowbowl,1630088600
mohawk-mountain,mohawk-mountain skiresort,mohawkmountain,211516785
montage-mountain-resort,montage-mountain-resort skiresort,montagemountainresort,87343361
montana-snowbowl,montana-snowbowl skiresort,montanasnowbowl,222840646
mont-du-lac,mont-du-lac skiresort,montdulac,205557692
mt-abram,mt-abram skiresort,mtabram,435164997
mountain-creek-vernon,mountain-creek-vernon skiresort,mountaincreekvernon,103382276
moose-mountain,moose-mountain skiresort,moosemountain,69878597
mount-ski-gull,mount-ski-gull skiresort,mountskigull,3752190738
mt-waterman,mt-waterman skiresort,mtwaterman,4519873769
mt-ashland,mt-ashland skiresort,mtashland,223581640
mt-bachelor,mt-bachelor skiresort,mtbachelorskiresort,15919596
mt-brighton,mt-brighton skiresort,mtbrighton,36050587
mt-hood-meadows,mt-hood-meadows skiresort,mthoodmeadows,19300415
mt-rose,mt-rose skiresort,mtrose,18364195
mt-shasta-ski-park,mt-shasta-ski-park skiresort,mtshastaskipark,145770062
mt-southington,mt-southington skiresort,mtsouthington,2196471128
mt-spokane,mt-spokane skiresort,mtspokane,18795186
mulligans-hollow-ski-bowl,mulligans-hollow-ski-bowl skiresort,mulliganshollowskibowl,2837134794
nordic-mountain,nordic-mountain skiresort,nordicmountain,56395422
nordic-valley,nordic-valley skiresort,nordicvalley,2446076226
northstar-california-resort,northstar-california-resort skiresort,northstarcaliforniaresort,17844641
norway-mountain,norway-mountain skiresort,norwaymountain,58980551
ober-gatlinburg,ober-gatlinburg skiresort,obergatlinburgskiresort,73880613
oglebay-resort,oglebay-resort skiresort,oglebayskilodge,107429407
okemo,okemo skiresort,okemo,15516549
the-omni-homestead,the-omni-homestead skiresort,theomnihomestead,69393926
otis-ridge,otis-ridge skiresort,otisridge,963099577
pando-park,pando-park skiresort,pandopark,2927252617
paoli-peaks,paoli-peaks skiresort,paolipeaks,98403353
pats-peak,pats-peak skiresort,patspeak,17923607
park-city,park-city skiresort,parkcity,16935955
peekn-peak,peekn-peak skiresort,peeknpeak,15157083
petoskey-winter-sports-park,petoskey-winter-sports-park skiresort,petoskeyskiteam,267399975
pico-mountain,pico-mountain skiresort,picomountain,47326671
plattekill,plattekill skiresort,plattekill,26490897
powder-ridge,powder-ridge skiresort,powderridge,121902300
powder-ridge-mountain-park-resort,powder-ridge-mountain-park-resort skiresort,powderridgemountainparkresort,836594130
powder-mountain,powder-mountain skiresort,powdermountain,19037608
quoggy-jo-ski-center-presque-isle,quoggy-jo-ski-center-presque-isle skiresort,quoggyjo,2288234227
ragged-mountain,ragged-mountain skiresort,raggedmountain,90701732
raging-buffalo-algonquin,raging-buffalo-algonquin skiresort,ragingbuffalo,58704335
red-lodge-mountain,red-lodge-mountain skiresort,redlodgemountain,82210161
alyeska-resort-girdwood,alyeska-resort-girdwood skiresort,alyeskaresortgirdwood,35872795
rocking-horse-ranch,rocking-horse-ranch skiresort,rockinghorseranch111,221584173
monarch,monarch skiresort,skimonarch,236919921
rotarun,rotarun skiresort,rotarunskiarea,252244814
roundtop,roundtop skiresort,roundtopskiresort,88060253
saddleback,saddleback skiresort,saddleback111,28121122
schweitzer-mountain-resort,schweitzer-mountain-resort skiresort,schweitzermountainresort,20190857
sterling-forest-ski-center,sterling-forest-ski-center skiresort,sterlingforeststatepark,2657399365
shanty-creek-resorts-schuss-mountain,shanty-creek-resorts-schuss-mountain skiresort,shantycreekresorts,16927499
shawnee-peak,shawnee-peak skiresort,shawneepeakme,25324244
shu-maker-mountain-little-falls,shu-maker-mountain-little-falls skiresort,shumakermountain,72561220
sierra-at-tahoe,sierra-at-tahoe skiresort,sierraattahoeskiresort,15458596
silver-ridge,silver-ridge skiresort,silverridge1,1173020280
silver-mountain,silver-mountain skiresort,silvermountain,388950860
silverton-mountain,silverton-mountain skiresort,silvertonmountain,16366552
sipapu,sipapu skiresort,sipapu,26337285
sitzmark,sitzmark skiresort,sitzmark,141300193
ski-brule,ski-brule skiresort,skibrule,90676093
tamarack-resort,tamarack-resort skiresort,tamarackresort,194712295
apache,apache skiresort,apacheski,26335230
belleayre-mountain,belleayre-mountain skiresort,belleayremountain,31134433
bigrock-mountain,bigrock-mountain skiresort,bigrockmountain,370129433
big-tupper-tupper-lake,big-tupper-tupper-lake skiresort,bigtupper,78892105
blackhawk-ski-club-middleton,blackhawk-ski-club-middleton skiresort,blackhawkskiclub,2789197900
bluewood,bluewood skiresort,bluewoodski,74201022
bousquet,bousquet skiresort,bousquetskiarea,138528530
mt-hood-skibowl,mt-hood-skibowl skiresort,mthoodskibowl,18616341
buckhorn-ski-and-snowboard-club,buckhorn-ski-and-snowboard-club skiresort,buckhornskiclub,271255623
burke-mountain,burke-mountain skiresort,burkemountain,114303624
camelback,camelback skiresort,skicamelback,22296450
cataloochee,cataloochee skiresort,cataloocheeskiarea,26033178
cazenovia,cazenovia skiresort,cazenoviaskiclub,228072489
cooper,cooper skiresort,skicooper,96790384
crested-butte,crested-butte skiresort,skicrestedbutte,40305346
eaglecrest-juneau,eaglecrest-juneau skiresort,eaglecrestskiarea,1908573858
eagle-point,eagle-point skiresort,eaglepoint,195752070
homewood-mountain-resort,homewood-mountain-resort skiresort,homewoodmountainresort,11388972
indianhead-mountain,indianhead-mountain skiresort,indianheadmountainskiing,61769266
jack-frost-mountain,jack-frost-mountain skiresort,ackfrostmountain,91120199
liberty-mountain,liberty-mountain skiresort,skilibertymountain,78609027
lookout-pass,lookout-pass skiresort,lookoutpass,41172905
mad-river-mountain,mad-river-mountain skiresort,madrivermountain,58771579
magic-mountain,magic-mountain skiresort,magicmountainskiresort,47949944
mount-pleasant,mount-pleasant skiresort,mountpleasant,224427199
nashoba-valley,nashoba-valley skiresort,nashobavalley,35837881
pajarito-mountain,pajarito-mountain skiresort,pajaritomountain,26342031
pine-knob,pine-knob skiresort,pineknob,432860324
purgatory-durango,purgatory-durango skiresort,purgatorydurango,41433870
perfect-north-slopes,perfect-north-slopes skiresort,perfectnorthslopes,44507440
santa-fe,santa-fe skiresort,santafeski,26332548
sapphire-valley,sapphire-valley skiresort,sapphirevalleyskiresort,4076778442
shawnee-mountain,shawnee-mountain skiresort,shawneemountain,69374705
snow-creek,snow-creek skiresort,snowcreekskiresort,179130990
snow-snake,snow-snake skiresort,snowsnake,78690654
snowstar,snowstar skiresort,snowstarski,335677797
snow-valley,snow-valley skiresort,snowvalley,43944264
soda-springs,soda-springs skiresort,sodaspringsskiresort,2786357792
sunlight-mountain,sunlight-mountain skiresort,sunlightmountain,43144360
swiss-valley,swiss-valley skiresort,swissvalley,51612931
tenney-mountain,tenney-mountain skiresort,tenneymountain,3316312744
beaver-mountain,beaver-mountain skiresort,beavermountain,2894844846
mt-lemmon-ski-valley,mt-lemmon-ski-valley skiresort,mtlemmonskivalley,4895747658
titus-mountain,titus-mountain skiresort,titusmountain,418870989
turner-mountain,turner-mountain skiresort,turnermountain,1138572728
west-mountain,west-mountain skiresort,westmountainskiresort,163909051
whiteface-lake-placid,whiteface-lake-placid skiresort,whitefacelakeplacid,21317149
whitefish-mountain-resort,whitefish-mountain-resort skiresort,whitefishmountainresort,11954772
wildcat-mountain,wildcat-mountain skiresort,wildcatmountain,15110064
wild-mountain,wild-mountain skiresort,wildmountainskiarea,175748320
sky-tavern,sky-tavern skiresort,skytavern,34463481
snowbasin,snowbasin skiresort,snowbasinskipatrol,42325818
snowbird,snowbird skiresort,snowbird,24749103
snow-king-mountain-jackson,snow-king-mountain-jackson skiresort,snowkingmountain,959127228
snowmass,snowmass skiresort,snowmassski,29235153
snow-ridge,snow-ridge skiresort,snowridge,2213198364
snowshoe-mountain,snowshoe-mountain skiresort,snowshoemountain,19604954
snow-trails,snow-trails skiresort,snowtrails,30019296
snowy-range,snowy-range skiresort,snowyrangeski,170857718
soldier-mountain,soldier-mountain skiresort,soldiermountain,274898405
solitude,solitude skiresort,solitudeskiresort,15896538
spirit-mountain,spirit-mountain skiresort,spiritmountain,94841305
alpine-meadows,alpine-meadows skiresort,alpinemeadows,24569387
squaw-valley,squaw-valley skiresort,squawvalleyskiresort,24569387
storrs-hill-lebanon,storrs-hill-lebanon skiresort,storrshill,2209860746
stowe,stowe skiresort,skistowe,18925174
sugar-bowl,sugar-bowl skiresort,sugarbowlskiresort,15533986
sugarbush,sugarbush skiresort,sugarbush,20936540
the-summit-at-snoqualmie,the-summit-at-snoqualmie skiresort,thesummitatsnoqualmie,399432982
sunburst,sunburst skiresort,sunburstskiarea,92756699
sunday-river,sunday-river skiresort,sundayriverskiresort,17844215
sundown-mountain-resort,sundown-mountain-resort skiresort,sundownmountainresort,298562320
sunrise-park,sunrise-park skiresort,sunrisepark,596980926
dollar-mountain-sun-valley,dollar-mountain-sun-valley skiresort,dollarmountainsunvalley,14480521
swain,swain skiresort,swainskiresort,216733892
taos,taos skiresort,taosski,26330496
telluride,telluride skiresort,telluride,14427372
terry-peak,terry-peak skiresort,terrypeakskiarea,54653659
the-homestead-resort,the-homestead-resort skiresort,thehomesteadresort,45152737
timber-ridge,timber-ridge skiresort,timberridgeski,69019712
timberline,timberline skiresort,timberlineskiresort,16407807
tussey-mountain,tussey-mountain skiresort,tusseymountain,72938259
tuxedo-ridge,tuxedo-ridge skiresort,tuxedoridgeskicenter,27665681
tyrol-basin-mt-horeb,tyrol-basin-mt-horeb skiresort,tyrolbasinparks,84417694
vail,vail skiresort,skivail,19742740
valdez-heli-ski-guides,valdez-heli-ski-guides skiresort,valdezheliskiguides,26145042
villa-roma,villa-roma skiresort,villaromaski,35220433
wachusett-mountain,wachusett-mountain skiresort,wachusettmountain,386104816
waterville-valley,waterville-valley skiresort,watervillevalley,18307340
welch-village,welch-village skiresort,welchvillage,25193430
whisper-ridge,whisper-ridge skiresort,whisperridge,3301634538
white-pass,white-pass skiresort,whitepass,23949036
whitetail,whitetail skiresort,whitetailskiresort,17816668
willard-mountain-greenwich,willard-mountain-greenwich skiresort,willardmountain,1409217188
wilmot-mountain,wilmot-mountain skiresort,wilmotmountain,94430965
windham-mountain,windham-mountain skiresort,windhammountain,16300235
wintergreen-resort,wintergreen-resort skiresort,wintergreenresort,62900163
winter-park-resort,winter-park-resort skiresort,winterparkresort,14660933
winterplace,winterplace skiresort,winterplaceskiresort,50630464
wolf-creek,wolf-creek skiresort,wolfcreekski,71064211
wolf-ridge,wolf-ridge skiresort,wolfridgeskiresort,80042076
yawgoo-valley,yawgoo-valley skiresort,yawgoovalley,247003625
yellowstone-club,yellowstone-club skiresort,yellowstoneclub,100573976
49-degrees-north-mountain-resort,49-degrees-north-mountain-resort skiresort,49degreesnorth,0
abenaki,abenaki skiresort,abenaki,0
aldis-hill-park-st-albans,aldis-hill-park-st-albans skiresort,aldishill,0
alpine-valley-resort-elkhorn,alpine-valley-resort-elkhorn skiresort,alpinevalleyresort,0
alpine-valley-white-lake,alpine-valley-white-lake skiresort,alpinevalley,0
american-dream-meadowlands-east-rutherford,american-dream-meadowlands-east-rutherford skiresort,americandreammeadowlandseastrutherford,0
apple-mountain,apple-mountain skiresort,applemountain,0
aspen-mountain,aspen-mountain skiresort,aspenmountain,0
ausblick-sussex,ausblick-sussex skiresort,ausblickskiarea,0
badger-mountain,badger-mountain skiresort,badgermountainskihill,0
badger-pass,badger-pass skiresort,badgerpass,0
bald-mountain-sun-valley,bald-mountain-sun-valley skiresort,baldmountainsunvalley,0
bear-creek-mountain-resort,bear-creek-mountain-resort skiresort,bearcreekmountainresort,0
bear-paw-ski-bowl,bear-paw-ski-bowl skiresort,bearpawskibowl,0
bear-valley,bear-valley skiresort,bearvalleyskiresort,0
bears-den-mountain-fort-ransom,bears-den-mountain-fort-ransom skiresort,bearsdenmountain,0
beech-mountain,beech-mountain skiresort,beechmountain,0
big-bear-at-masthope-mountain,big-bear-at-masthope-mountain skiresort,bigbearatmasthope,0
big-boulder,big-boulder skiresort,bigboulderpark,0
big-creek-ski-area,big-creek-ski-area skiresort,bigcreekskiclub,0
big-powderhorn-mountain,big-powderhorn-mountain skiresort,bigpowderhornmountain,0
big-squaw,big-squaw skiresort,bigsquaw,0
blacktail-mountain,blacktail-mountain skiresort,blacktailmountain,0
blandford,blandford skiresort,skiblandford,0
boreal,boreal skiresort,borealskiresort,0
boston-mills,boston-mills skiresort,bostonmills,0
bottineau-winter-park,bottineau-winter-park skiresort,bottineauwinterpark,0
boyce-park,boyce-park skiresort,boyceparkskislopes,0
boyne-mountain,boyne-mountain skiresort,boynemountain,0
brandywine,brandywine skiresort,brandywineskiresort,0
brantling-ski-slopes,brantling-ski-slopes skiresort,brantlingskislopes,0
brian-head,brian-head skiresort,brianheadskiresort,0
brighton,brighton skiresort,brightonskiresort,0
bruce-mound,bruce-mound skiresort,brucemound,0
buena-vista,buena-vista skiresort,buenavistaskiarea,0
buttermilk-mountain,buttermilk-mountain skiresort,buttermilkmountain,0
camp-10,camp-10 skiresort,camp10skiandsnowboard,0
campgaw,campgaw skiresort,campgaw,0
campton-mountain,campton-mountain skiresort,camptonmountain,0
challenge-mountain-walloon-lake,challenge-mountain-walloon-lake skiresort,challengemountain,0
cloudcroft,cloudcroft skiresort,skicloudcroft,0
coppervale,coppervale skiresort,coppervale,0
cottonwood-butte,cottonwood-butte skiresort,cottonwoodbutte,0
crescent-hills,crescent-hills skiresort,crescenthills,0
dartmouth-skiway,dartmouth-skiway skiresort,dartmouthskiway,0
denton-hill-state-park,denton-hill-state-park skiresort,dentonhillstatepark,0
donner-ski-area,donner-ski-area skiresort,donnerskiranch,0
donner-ski-ranch,donner-ski-ranch skiresort,donnerskiranch,0
dynamite-hill-chestertown,dynamite-hill-chestertown skiresort,dynamitehill,0
eagle-island-park,eagle-island-park skiresort,eagleislandpark,0
eaton-mountain,eaton-mountain skiresort,eatonmountain,0
echo-valley-lake-chelan,echo-valley-lake-chelan skiresort,echovalleylake,0
eldora-mountain,eldora-mountain skiresort,eldoramountainresort,0
elk-ridge-williams,elk-ridge-williams skiresort,elkridgewilliams,0
ferguson-ridge,ferguson-ridge skiresort,fergusonridge,0
fort-wainwrightbirch-hill-fairbanks,fort-wainwrightbirch-hill-fairbanks skiresort,fortwainwrightalaska,0
frost-fire-mountain,frost-fire-mountain skiresort,frostfiremountain,0
giants-ridge,giants-ridge skiresort,giantsridge,0
great-bear-ski-area,great-bear-ski-area skiresort,greatbearskivalley,0
great-divide,great-divide skiresort,greatdivideski,0
heiliger-huegel-hubertus,heiliger-huegel-hubertus skiresort,heiligerhuegel,0
hermon-mountain,hermon-mountain skiresort,hermonmountain,0
hickory-ski-center,hickory-ski-center skiresort,hickoryskicenter,0
hidden-valley-mo,hidden-valley-mo skiresort,hiddenvalleyski,0
hilltop-anchorage,hilltop-anchorage skiresort,hilltopanchorage,0
holiday-mountain-ny,holiday-mountain-ny skiresort,holidaymountain,0
hunter-mountain,hunter-mountain skiresort,huntermountain,0
hyland-ski-snowboard-area,hyland-ski-snowboard-area skiresort,hylandskisnowboardarea,0
jerrys-heliski-alaska,jerrys-heliski-alaska skiresort,jerrysheliskialaska,0
kettlebowl,kettlebowl skiresort,kettlebowl111,0
keyes-peak-florence,keyes-peak-florence skiresort,keyespeakflorence,0
kirkwood,kirkwood skiresort,kirkwooddeep,0
lake-city-ski-hill,lake-city-ski-hill skiresort,lakecityskihill,0
las-vegas-ski-and-snowboard-resort-lee-canyon,las-vegas-ski-and-snowboard-resort-lee-canyon skiresort,asvegasskiandsnowboard,0
leavenworth-ski-hill,leavenworth-ski-hill skiresort,skileavenworth,0
little-ski-hill,little-ski-hill skiresort,littleskihill,0
little-switzerland-ski-resort,little-switzerland-ski-resort skiresort,littleswitzerlandskiresort,0
living-memorial-park-brattleboro,living-memorial-park-brattleboro skiresort,livingmemorialpark,0
lonesome-pine-trails-fort-kent,lonesome-pine-trails-fort-kent skiresort,lonesomepinetrails,0
lutsen-mountains,lutsen-mountains skiresort,lutsenmountains,0
lyndon-outing-club,lyndon-outing-club skiresort,lyndonoutingclub,0
magic-mountain-resort,magic-mountain-resort skiresort,magicmountainresort,0
massanutten,massanutten skiresort,massanutten,0
maverick-mountain,maverick-mountain skiresort,mammothmountainskipatrol,0
mccauly-mountain,mccauly-mountain skiresort,mccaulymountain,0
meadowlark-ski-lodge,meadowlark-ski-lodge skiresort,meadowlarkskilodge,0
meany-lodge,meany-lodge skiresort,meanylodge,0
missaukee-mountain,missaukee-mountain skiresort,missaukeemountain,0
mont-ripley,mont-ripley skiresort,montripley,0
mount-snow,mount-snow skiresort,mountsnow,0
mountain-high-east,mountain-high-east skiresort,mountainhigheast,0
mountain-high-north,mountain-high-north skiresort,mountainhighnorth,0
mountain-high-west,mountain-high-west skiresort,mountainhighwest,0
mt-bailey,mt-bailey skiresort,mtbailey,0
mt-baker,mt-baker skiresort,mtbakerskiarea,0
mt-bohemia,mt-bohemia skiresort,mtbohemia,0
mt-eustis-littleton,mt-eustis-littleton skiresort,mteustis,0
mt-eyak,mt-eyak skiresort,mteyak,0
mt-holiday,mt-holiday skiresort,mtholiday,0
mt-jefferson,mt-jefferson skiresort,mtjeffersonskiarea,0
mt-kato,mt-kato skiresort,mtkato,0
mt-la-crosse,mt-la-crosse skiresort,mtlacrosse,0
mt-peter,mt-peter skiresort,mtpeter,0
mt-pisgah,mt-pisgah skiresort,mtpisgahsummit,0
mt-sunapee,mt-sunapee skiresort,mtsunapee,0
mt-zion-hill,mt-zion-hill skiresort,mtzionhill,0
mystic-mountain-farmington,mystic-mountain-farmington skiresort,mysticmountainfarmington,0
navarino-hills,navarino-hills skiresort,navarinohills,0
northeast-slopes-east-corinth,northeast-slopes-east-corinth skiresort,northeastslopes,0
nubs-nob-ski-area,nubs-nob-ski-area skiresort,nubsnobski,0
nutt-hill-plymouth,nutt-hill-plymouth skiresort,nutthillplymouth,0
oak-mountain,oak-mountain skiresort,oakmountainskiresort,0
otsego-gaylord,otsego-gaylord skiresort,otsegogaylord,0
pine-creek,pine-creek skiresort,pinecreekskiresort,0
pine-mountain,pine-mountain skiresort,pinemountain,0
pinnacle-park-pittsfield,pinnacle-park-pittsfield skiresort,pinnacleparkpittsfield,0
pomerelle,pomerelle skiresort,pomerelle,0
porcupine-mountain,porcupine-mountain skiresort,porcupinemountain,0
powderbird,powderbird skiresort,powderbird,0
powderhorn,powderhorn skiresort,powderhornskiresort,0
powderhouse-hill-south-berwick,powderhouse-hill-south-berwick skiresort,powderhousehill,0
powers-bluff,powers-bluff skiresort,powersbluff,0
quadna-mountain,quadna-mountain skiresort,quadnamountainpark,0
quechee-lakes-ski-area,quechee-lakes-ski-area skiresort,quecheelakesskiarea,0
red-hill-moultonborough,red-hill-moultonborough skiresort,redhillmountain,0
red-river,red-river skiresort,redriverski,0
riverview-highlands,riverview-highlands skiresort,riverviewhighlands111,0
royal-mountain,royal-mountain skiresort,royalmountainskiarea,0
sahalie-ski-club,sahalie-ski-club skiresort,sahalieskiclub111,0
sand-master-park-florence,sand-master-park-florence skiresort,sandmasterparkflorence,0
sawkill-ski,sawkill-ski skiresort,sawkillski,0
sawmill-mountain-resort,sawmill-mountain-resort skiresort,sawmillmountain,0
seacoast-snow-park,seacoast-snow-park skiresort,seacoastsnowpark,0
seven-oaks,seven-oaks skiresort,sevenoaks1,0
shanty-creek-resorts-summit-mountain,shanty-creek-resorts-summit-mountain skiresort,shantycreekresorts,0
showdown,showdown skiresort,showdownskiarea,0
sierra-summit,sierra-summit skiresort,sierrasummit,0
skiland-mt-aurora,skiland-mt-aurora skiresort,skilandmtaurora,0
sleeping-giant,sleeping-giant skiresort,sleepinggiantskiresort,0
sleepy-hollow-sports-park-des-moines,sleepy-hollow-sports-park-des-moines skiresort,sleepyhollowsportsparkdesmoines,0
smugglers-notch,smugglers-notch skiresort,smugglersnotch,0
snow-summit-big-bear-lake,snow-summit-big-bear-lake skiresort,snowsummitbigbear,0
song-mountain,song-mountain skiresort,songmountainskiteam,0
spout-springs,spout-springs skiresort,spoutsprings,0
spruce-mountain-jay,spruce-mountain-jay skiresort,sprucemountainjay111,0
standing-rocks,standing-rocks skiresort,standingrocksskihill,0
steamboat,steamboat skiresort,skisteamboat,0
stevens-pass,stevens-pass skiresort,stevenspassskipatrol,0
sugar-mountain,sugar-mountain skiresort,sugarmountainskiresort,0
sugarloaf,sugarloaf skiresort,sugarloafskiing,0
suicide-six,suicide-six skiresort,suicidesix,0
summit-ski-area-at-mt-hood,summit-ski-area-at-mt-hood skiresort,summitskiarea,0
sundown,sundown skiresort,skisundown,0
teton-pass,teton-pass skiresort,tetonpassskiarea,0
thunder-ridge,thunder-ridge skiresort,thunderridgeski,0
timberline-four-seasons,timberline-four-seasons skiresort,timberlinefourseasons,0
titcomb-mountain,titcomb-mountain skiresort,titcombmountain,0
toggenburg-ski-center,toggenburg-ski-center skiresort,toggenburgskicenter,0
triangle-sports-area-green-bay,triangle-sports-area-green-bay skiresort,trianglesportsareagreenbay,0
trollhaugen,trollhaugen skiresort,trollhaugen,0
val-bialas-ski-center-utica,val-bialas-ski-center-utica skiresort,valbialas,0
villa-olivia-bartlett,villa-olivia-bartlett skiresort,villaoliviabartlett,0
ward-hill-shrewsbury,ward-hill-shrewsbury skiresort,wardhillshrewsbury111,0
warner-canyon-lakeview,warner-canyon-lakeview skiresort,warnercanyonskiarea,0
wenatchee-mission-ridge,wenatchee-mission-ridge skiresort,wenatcheemissionridge111,0
whaleback,whaleback skiresort,whaleback,0
white-pine-pinedale,white-pine-pinedale skiresort,whitepineskiresort,0
whitetail-ridge-fort-mccoy,whitetail-ridge-fort-mccoy skiresort,whitetailresort,0
willamette-pass-crescent,willamette-pass-crescent skiresort,willamettepass,0
winter-park-kewaunee-county,winter-park-kewaunee-county skiresort,winterparkresort,0
winterclub-indoor-ski-snowboard-winter-park,winterclub-indoor-ski-snowboard-winter-park skiresort,winterclubindoorski,0
wisp-mchenry-deep-creek-lake,wisp-mchenry-deep-creek-lake skiresort,wispmchenrydeepcreeklake,0
woods-valley,woods-valley skiresort,woodsvalley,0